,missing_count,missing_percent
ID,0,0.0
Non_Hodgkins_lymphoma,0,0.0
Genitourinary_congenital_anomalies,0,0.0
Genitourinary_symptoms_and_ill_defined_conditions,0,0.0
Heart_valve_disorders,0,0.0
HIV_infection,0,0.0
Hodgkins_disease,0,0.0
Hyperplasia_of_prostate,0,0.0
Inflammatory_conditions_of_male_genital_organs,0,0.0
Leukemias,0,0.0
Maintenance_chemotherapy__radiotherapy,0,0.0
Menstrual_disorders,0,0.0
Nephritis__nephrosis__renal_sclerosis,0,0.0
Other_and_ill_defined_heart_disease,0,0.0
Diabetes_mellitus_without_complication,0,0.0
Other_female_genital_disorders,0,0.0
Other_male_genital_disorders,0,0.0
Other_non_epithelial_cancer_of_skin,0,0.0
Pancreatic_disorders__not_diabetes_,0,0.0
Paralysis,0,0.0
Parkinsons_disease,0,0.0
Poisoning_by_nonmedicinal_substances,0,0.0
Prolapse_of_female_genital_organs,0,0.0
Pulmonary_heart_disease,0,0.0
Screening_and_history_of_mental_health_and_substance_abuse_codes,0,0.0
Septicemia__except_in_labor_,0,0.0
Diabetes_or_abnormal_glucose_tolerance_complicating_pregnancy__childbirth__or_the_puerperium,0,0.0
Diabetes_mellitus_with_complications,0,0.0
PATID,0,0.0
RDW,0,0.0
Hemoglobin,0,0.0
Lymphocytes,0,0.0
MCH,0,0.0
MCHC,0,0.0
MCV,0,0.0
Monocytes,0,0.0
MPV,0,0.0
Neutrophils,0,0.0
Platelets,0,0.0
Potassium,0,0.0
RBC,0,0.0
Sodium,0,0.0
Delirium__dementia__and_amnestic_and_other_cognitive_disorders,0,0.0
WBC,0,0.0
abx,0,0.0
Abdominal_hernia,0,0.0
Abdominal_pain,0,0.0
Acute_and_unspecified_renal_failure,0,0.0
Anal_and_rectal_conditions,0,0.0
Calculus_of_urinary_tract,0,0.0
Cancer,0,0.0
Chronic_renal_failure,0,0.0
Congestive_heart_failure__nonhypertensive,0,0.0
Coronary_atherosclerosis_and_other_heart_disease,0,0.0
Sexually_transmitted_infections__not_HIV_or_hepatitis_,0,0.0
Substance_related_disorders,0,0.0
Urinary_tract_infections,0,0.0
MUSCLE_RELAXANTS,0,0.0
COUGH_COLD_PREPARATIONS,0,0.0
DIAGNOSTIC,0,0.0
DIURETICS,0,0.0
EENT_PREPS,0,0.0
ELECT_CALORIC_H2O,0,0.0
GASTROINTESTINAL,0,0.0
HERBALS,0,0.0
HORMONES,0,0.0
IMMUNOSUPPRESANT,0,0.0
INVESTIGATIONAL,0,0.0
MISCELLANEOUS_MEDICAL_SUPPLIES__DEVICES__NON_DRUG,0,0.0
PRE_NATAL_VITAMINS,0,0.0
ANALGESIC_AND_ANTIHISTAMINE_COMBINATION,0,0.0
PSYCHOTHERAPEUTIC_DRUGS,0,0.0
SEDATIVE_HYPNOTICS,0,0.0
SKIN_PREPS,0,0.0
SMOKING_DETERRENTS,0,0.0
THYROID_PREPS,0,0.0
UNCLASSIFIED_DRUG_PRODUCTS,0,0.0
VITAMINS,0,0.0
dispo,0,0.0
UTI_diag,0,0.0
split,0,0.0
abxUTI,0,0.0
CONTRACEPTIVES,0,0.0
COLONY_STIMULATING_FACTORS,0,0.0
CNS_DRUGS,0,0.0
CARDIOVASCULAR,0,0.0
ANALGESICS,0,0.0
ANESTHETICS,0,0.0
ANTI_OBESITY_DRUGS,0,0.0
ANTIALLERGY,0,0.0
ANTIARTHRITICS,0,0.0
ANTIASTHMATICS,0,0.0
ANTIBIOTICS,0,0.0
ANTICOAGULANTS,0,0.0
ANTIDOTES,0,0.0
ANTIFUNGALS,0,0.0
ANTIHISTAMINE_AND_DECONGESTANT_COMBINATION,0,0.0
ANTIHISTAMINES,0,0.0
ANTIHYPERGLYCEMICS,0,0.0
ANTIINFECTIVES,0,0.0
ANTIINFECTIVES_MISCELLANEOUS,0,0.0
ANTINEOPLASTICS,0,0.0
ANTIPARKINSON_DRUGS,0,0.0
ANTIPLATELET_DRUGS,0,0.0
ANTIVIRALS,0,0.0
AUTONOMIC_DRUGS,0,0.0
BIOLOGICALS,0,0.0
BLOOD,0,0.0
CARDIAC_DRUGS,0,0.0
Hematocrit,0,0.0
Glucose,0,0.0
Eosinophils,0,0.0
psychiatric_confusion,0,0.0
fever,0,0.0
vag_bleeding,0,0.0
vag_discharge,0,0.0
abd_distended2,0,0.0
abd_pain,0,0.0
gen_neg,0,0.0
pelvic_pain,0,0.0
alert,0,0.0
ams,0,0.0
weakness,0,0.0
oriented,0,0.0
flank_pain,0,0.0
employStatus,0,0.0
dec_urine_vol,0,0.0
diff_urinating,0,0.0
dysuria,0,0.0
hematuria,0,0.0
polyuria,0,0.0
chief_complaint,0,0.0
age,0,0.0
gender,0,0.0
race,0,0.0
ethnicity,0,0.0
lang,0,0.0
fatigue,0,0.0
back_pain,0,0.0
abd_rigidity,0,0.0
abd_rebound,0,0.0
UCX_abnormal,0,0.0
ua_bacteria,0,0.0
ua_bili,0,0.0
ua_blood,0,0.0
ua_clarity,0,0.0
ua_color,0,0.0
ua_epi,0,0.0
ua_glucose,0,0.0
ua_ketones,0,0.0
ua_leuk,0,0.0
ua_nitrite,0,0.0
ua_ph,0,0.0
ua_protein,0,0.0
ua_rbc,0,0.0
ua_spec_grav,0,0.0
ua_urobili,0,0.0
ua_wbc,0,0.0
CVA_tenderness,0,0.0
abd_tenderness,0,0.0
abd_soft,0,0.0
abd_distended,0,0.0
abd_gaurding,0,0.0
abd_mass,0,0.0
maritalStatus,0,0.0
insurance_status,0,0.0
Creatinine,0,0.0
GCS_First,0,0.0
O2_Sat_Last,0,0.0
O2_Sat_Max,0,0.0
O2_Sat_Min,0,0.0
O2_Sat_Mean,0,0.0
O2_Amount_First,0,0.0
O2_Amount_Last,0,0.0
O2_Amount_Max,0,0.0
O2_Amount_Min,0,0.0
O2_Amount_Mean,0,0.0
O2_Dependency_First,0,0.0
O2_Dependency_Last,0,0.0
GCS_Last,0,0.0
disposition,0,0.0
Absolute_Lymphocyte_Count,0,0.0
Alanine_Aminotransferase,0,0.0
Alkaline_Phosphatase,0,0.0
ANC,0,0.0
Anion_Gap,0,0.0
Aspartate_Aminotransferase,0,0.0
Basophils,0,0.0
BUN,0,0.0
Calcium,0,0.0
Chloride,0,0.0
CO2,0,0.0
O2_Sat_First,0,0.0
RR_Mean,0,0.0
RR_Min,0,0.0
RR_Max,0,0.0
arrival,0,0.0
Temp_First,0,0.0
Temp_Last,0,0.0
Temp_Max,0,0.0
Temp_Min,0,0.0
Temp_Mean,0,0.0
HR_First,0,0.0
HR_Last,0,0.0
HR_Max,0,0.0
HR_Min,0,0.0
HR_Mean,0,0.0
SBP_First,0,0.0
SBP_Last,0,0.0
SBP_Max,0,0.0
SBP_Min,0,0.0
SBP_Mean,0,0.0
DBP_First,0,0.0
DBP_Last,0,0.0
DBP_Max,0,0.0
DBP_Min,0,0.0
DBP_Mean,0,0.0
RR_First,0,0.0
RR_Last,0,0.0
alt_diag,0,0.0
